{
    "defaultEntity": "😶",
    "entity": {
        "minecraft:player": "🎮",
        "minecraft:allay": "🧚",
        "minecraft:area_effect_cloud": "🌀",
        "minecraft:armor_stand": "♟",
        "minecraft:arrow": "↗",
        "minecraft:axolotl": "🐟",
        "minecraft:balloon": "🎈",
        "minecraft:bat": "🦇",
        "minecraft:bee": "🐝",
        "minecraft:blaze": "☀",
        "minecraft:boat": "🛶",
        "minecraft:camel": "🐫",
        "minecraft:cat": "🐱",
        "minecraft:cave_spider": "🕷",
        "minecraft:chest_boat": "🛶",
        "minecraft:chest_minecart": "🚂",
        "minecraft:chest_raft": "🛶",
        "minecraft:chicken": "🐔",
        "minecraft:cod": "🐟",
        "minecraft:command_block_minecart": "🚂",
        "minecraft:cow": "🐮",
        "minecraft:creeper": "🦎",
        "minecraft:dolphin": "🐬",
        "minecraft:donkey": "🐴",
        "minecraft:dragon_fireball": "☄",
        "minecraft:drowned": "🧟",
        "minecraft:egg": "🥚",
        "minecraft:elder_guardian": "👁",
        "minecraft:ender_crystal": "🔮",
        "minecraft:ender_dragon": "🐲",
        "minecraft:ender_pearl": "🔮",
        "minecraft:enderman": "👤",
        "minecraft:endermite": "🪲",
        "minecraft:evocation_fang": "🦷",
        "minecraft:evocation_illager": "🧙",
        "minecraft:eye_of_ender_signal": "🔮",
        "minecraft:falling_block": "⬇",
        "minecraft:fireball": "☄",
        "minecraft:fireworks_rocket": "🚀",
        "minecraft:fish.clownfish": "🐠",
        "minecraft:fishing_hook": "🪝",
        "minecraft:fox": "🦊",
        "minecraft:frog": "🐸",
        "minecraft:furnace_minecart": "🚂",
        "minecraft:ghast": "👻",
        "minecraft:glow_squid": "🦑",
        "minecraft:goat": "🐏",
        "minecraft:guardian": "👁",
        "minecraft:hoglin": "🐗",
        "minecraft:hopper_minecart": "🚂",
        "minecraft:horse": "🐴",
        "minecraft:husk": "🧟",
        "minecraft:ice_bomb": "☄",
        "minecraft:iron_golem": "🤖",
        "minecraft:item": "🧰",
        "minecraft:leash_knot": "🪢",
        "minecraft:lightning_bolt": "⚡",
        "minecraft:lingering_potion": "⚗",
        "minecraft:llama": "🦙",
        "minecraft:llama_spit": "💦",
        "minecraft:magma_cube": "🥪",
        "minecraft:minecart": "🚂",
        "minecraft:mooshroom": "🐮",
        "minecraft:moving_block": "⏹",
        "minecraft:mule": "🐴",
        "minecraft:ocelot": "🐆",
        "minecraft:painting": "🖼",
        "minecraft:panda": "🐼",
        "minecraft:parrot": "🦜",
        "minecraft:phantom": "🦅",
        "minecraft:pig": "🐷",
        "minecraft:piglin": "🐽",
        "minecraft:piglin_brute": "🐽",
        "minecraft:pillager": "👹",
        "minecraft:polar_bear": "🐻‍❄️",
        "minecraft:pufferfish": "🐡",
        "minecraft:rabbit": "🐰",
        "minecraft:ravager": "🦏",
        "minecraft:salmon": "🐟",
        "minecraft:sheep": "🐑",
        "minecraft:shulker": "🦪",
        "minecraft:shulker_bullet": "☄",
        "minecraft:silverfish": "🪲",
        "minecraft:skeleton": "💀",
        "minecraft:skeleton_horse": "🐴",
        "minecraft:slime": "🧊",
        "minecraft:small_fireball": "☄",
        "minecraft:sniffer": "🦛",
        "minecraft:snow_golem": "🎃",
        "minecraft:snowball": "☄",
        "minecraft:spider": "🕷",
        "minecraft:splash_potion": "⚗",
        "minecraft:squid": "🦑",
        "minecraft:stray": "💀",
        "minecraft:strider": "🦛",
        "minecraft:tadpole": "🐸",
        "minecraft:thrown_trident": "🔱",
        "minecraft:tnt": "💣",
        "minecraft:tnt_minecart": "🚂",
        "minecraft:trader_llama": "🦙",
        "minecraft:tripod_camera": "📷",
        "minecraft:tropicalfish": "🐠",
        "minecraft:turtle": "🐢",
        "minecraft:unknown": "❔",
        "minecraft:vex": "🧚",
        "minecraft:villager": "🧑",
        "minecraft:villager.armor": "🧑",
        "minecraft:villager.butcher": "🧑",
        "minecraft:villager.cartographer": "🧑",
        "minecraft:villager.cleric": "🧑",
        "minecraft:villager.farmer": "🧑",
        "minecraft:villager.fisherman": "🧑",
        "minecraft:villager.fletcher": "🧑",
        "minecraft:villager.leather": "🧑",
        "minecraft:villager.librarian": "🧑",
        "minecraft:villager.mason": "🧑",
        "minecraft:villager.shepherd": "🧑",
        "minecraft:villager.tool": "🧑",
        "minecraft:villager.unskilled": "🧑",
        "minecraft:villager.weapon": "🧑",
        "minecraft:villager_v2": "🧑",
        "minecraft:vindicator": "👹",
        "minecraft:wandering_trader": "🧑",
        "minecraft:warden": "📡",
        "minecraft:witch": "🧙",
        "minecraft:wither": "💀",
        "minecraft:wither_skeleton": "💀",
        "minecraft:wither_skull": "💀",
        "minecraft:wither_skull_dangerous": "💀",
        "minecraft:wolf": "🐺",
        "minecraft:xp_bottle": "⚗",
        "minecraft:xp_orb": "🔮",
        "minecraft:zoglin": "🐗",
        "minecraft:zombie": "🧟",
        "minecraft:zombie_horse": "🐴",
        "minecraft:zombie_pigman": "🧟",
        "minecraft:zombie_villager": "🧟",
        "minecraft:zombie_villager_v2": "🧟"
    },
    "deathMessage": {
        "exception": {
            "minecraft:blaze": {"3": "🔥"},
            "minecraft:drowned": {"3": "🔱"},
            "minecraft:evocation_illager": {"14": "✂"},
            "minecraft:ghast": {"3": "💥"},
            "minecraft:llama": {"3": "💦"},
            "minecraft:player": {"14": "🧪"},
            "minecraft:shulker": {"3": "🪃"},
            "minecraft:small_fireball": {"3": "🔥"},
            "minecraft:witch": {"14": "🧪"},
            "minecraft:sweet_berry_bush": {"1": "🍒"}
        },
        "-1": "☠",
        "0": "☠",
        "1": "🌵",
        "2": "⚔",
        "3": "🏹",
        "4": "🫁",
        "5": "🌠",
        "6": "🔥",
        "7": "🔥",
        "8": "🌋",
        "9": "🌊",
        "10": "💥",
        "11": "💥",
        "12": "🌌",
        "13": "☠",
        "14": "🪄",
        "15": "🖤",
        "16": "🍽",
        "17": "☄",
        "18": "🛡",
        "19": "☄",
        "20": "☠",
        "21": "💫",
        "22": "♨",
        "23": "🎆",
        "24": "🌩",
        "25": "☠",
        "26": "☠",
        "27": "🧊",
        "28": "☠",
        "29": "☠",
        "30": "☠",
        "31": "🔫",
        "32": "♨"
    }
}