{
    "java": {
        "minecraft:allay": "悦灵",
        "minecraft:area_effect_cloud": "区域效果云",
        "minecraft:armor_stand": "盔甲架",
        "minecraft:arrow": "箭",
        "minecraft:axolotl": "美西螈",
        "minecraft:balloon": "气球",
        "minecraft:bat": "蝙蝠",
        "minecraft:bee": "蜜蜂",
        "minecraft:blaze": "烈焰人",
        "minecraft:boat": "船",
        "minecraft:camel": "骆驼",
        "minecraft:cat": "猫",
        "minecraft:cave_spider": "洞穴蜘蛛",
        "minecraft:chest_boat": "运输船",
        "minecraft:chest_minecart": "运输矿车",
        "minecraft:chicken": "鸡",
        "minecraft:cod": "鳕鱼",
        "minecraft:command_block_minecart": "命令方块矿车",
        "minecraft:cow": "牛",
        "minecraft:creeper": "苦力怕",
        "minecraft:dolphin": "海豚",
        "minecraft:donkey": "驴",
        "minecraft:dragon_fireball": "末影龙火球",
        "minecraft:drowned": "溺尸",
        "minecraft:egg": "鸡蛋",
        "minecraft:elder_guardian": "远古守卫者",
        "minecraft:ender_crystal": "末地水晶",
        "minecraft:ender_dragon": "末影龙",
        "minecraft:ender_pearl": "末影珍珠",
        "minecraft:enderman": "末影人",
        "minecraft:endermite": "末影螨",
        "minecraft:evocation_fang": "唤魔者尖牙",
        "minecraft:evocation_illager": "唤魔者",
        "minecraft:eye_of_ender_signal": "末影之眼",
        "minecraft:falling_block": "下落的方块",
        "minecraft:fireball": "火球",
        "minecraft:fireworks_rocket": "烟花火箭",
        "minecraft:fish.clownfish": "小丑鱼",
        "minecraft:fishing_hook": "鱼钩",
        "minecraft:fox": "狐狸",
        "minecraft:frog": "青蛙",
        "minecraft:furnace_minecart": "动力矿车",
        "minecraft:ghast": "恶魂",
        "minecraft:glow_squid": "发光鱿鱼",
        "minecraft:goat": "山羊",
        "minecraft:guardian": "守卫者",
        "minecraft:hoglin": "疣猪兽",
        "minecraft:hopper_minecart": "漏斗矿车",
        "minecraft:horse": "马",
        "minecraft:husk": "尸壳",
        "minecraft:ice_bomb": "冰弹",
        "minecraft:iron_golem": "铁傀儡",
        "minecraft:item": "物品",
        "minecraft:leash_knot": "拴绳结",
        "minecraft:lightning_bolt": "闪电束",
        "minecraft:lingering_potion": "滞留药水",
        "minecraft:llama": "羊驼",
        "minecraft:llama_spit": "羊驼唾沫",
        "minecraft:magma_cube": "岩浆怪",
        "minecraft:minecart": "矿车",
        "minecraft:mooshroom": "哞菇",
        "minecraft:moving_block": "移动中的方块",
        "minecraft:mule": "骡",
        "minecraft:ocelot": "豹猫",
        "minecraft:painting": "画",
        "minecraft:panda": "熊猫",
        "minecraft:parrot": "鹦鹉",
        "minecraft:phantom": "幻翼",
        "minecraft:pig": "猪",
        "minecraft:piglin": "猪灵",
        "minecraft:piglin_brute": "猪灵蛮兵",
        "minecraft:pillager": "掠夺者",
        "minecraft:polar_bear": "北极熊",
        "minecraft:pufferfish": "河豚",
        "minecraft:rabbit": "兔子",
        "minecraft:ravager": "劫掠兽",
        "minecraft:salmon": "鲑鱼",
        "minecraft:sheep": "绵羊",
        "minecraft:shulker": "潜影贝",
        "minecraft:shulker_bullet": "潜影弹",
        "minecraft:silverfish": "蠹虫",
        "minecraft:skeleton": "骷髅",
        "minecraft:skeleton_horse": "骷髅马",
        "minecraft:slime": "史莱姆",
        "minecraft:small_fireball": "小火球",
        "minecraft:sniffer": "嗅探兽",
        "minecraft:snow_golem": "雪傀儡",
        "minecraft:snowball": "雪球",
        "minecraft:spider": "蜘蛛",
        "minecraft:splash_potion": "药水",
        "minecraft:squid": "鱿鱼",
        "minecraft:stray": "流浪者",
        "minecraft:strider": "炽足兽",
        "minecraft:tadpole": "蝌蚪",
        "minecraft:thrown_trident": "三叉戟",
        "minecraft:tnt": "TNT",
        "minecraft:tnt_minecart": "TNT矿车",
        "minecraft:trader_llama": "行商羊驼",
        "minecraft:tripod_camera": "相机",
        "minecraft:tropicalfish": "热带鱼",
        "minecraft:turtle": "海龟",
        "minecraft:unknown": "未知",
        "minecraft:vex": "恼鬼",
        "minecraft:villager": "村民",
        "minecraft:villager_v2": "村民",
        "minecraft:vindicator": "卫道士",
        "minecraft:wandering_trader": "流浪商人",
        "minecraft:warden": "监守者",
        "minecraft:witch": "女巫",
        "minecraft:wither": "凋灵",
        "minecraft:wither_skeleton": "凋灵骷髅",
        "minecraft:wither_skull": "凋灵之首",
        "minecraft:wither_skull_dangerous": "凋灵之首",
        "minecraft:wolf": "狼",
        "minecraft:xp_bottle": "附魔之瓶",
        "minecraft:xp_orb": "经验球",
        "minecraft:zoglin": "僵尸疣猪兽",
        "minecraft:zombie": "僵尸",
        "minecraft:zombie_horse": "僵尸马",
        "minecraft:zombie_pigman": "僵尸猪灵",
        "minecraft:zombie_villager": "僵尸村民",
        "minecraft:zombie_villager_v2": "僵尸村民"
    },
    "bedrock": {
        "minecraft:allay": "悦灵",
        "minecraft:area_effect_cloud": "区域效果云雾",
        "minecraft:armor_stand": "盔甲架",
        "minecraft:arrow": "箭",
        "minecraft:axolotl": "美西螈",
        "minecraft:balloon": "气球",
        "minecraft:bat": "蝙蝠",
        "minecraft:bee": "蜜蜂",
        "minecraft:blaze": "烈焰人",
        "minecraft:boat": "船",
        "minecraft:camel": "骆驼",
        "minecraft:cat": "猫",
        "minecraft:cave_spider": "洞穴蜘蛛",
        "minecraft:chest_boat": "运输船",
        "minecraft:chest_minecart": "运输矿车",
        "minecraft:chicken": "鸡",
        "minecraft:cod": "鳕鱼",
        "minecraft:command_block_minecart": "命令方块矿车",
        "minecraft:cow": "牛",
        "minecraft:creeper": "苦力怕",
        "minecraft:dolphin": "海豚",
        "minecraft:donkey": "驴",
        "minecraft:dragon_fireball": "末影龙火球",
        "minecraft:drowned": "溺尸",
        "minecraft:egg": "鸡蛋",
        "minecraft:elder_guardian": "远古守卫者",
        "minecraft:ender_crystal": "末影水晶",
        "minecraft:ender_dragon": "末影龙",
        "minecraft:ender_pearl": "末影珍珠",
        "minecraft:enderman": "末影人",
        "minecraft:endermite": "末影螨",
        "minecraft:evocation_fang": "唤魔者尖牙",
        "minecraft:evocation_illager": "唤魔者",
        "minecraft:eye_of_ender_signal": "末影之眼",
        "minecraft:falling_block": "下落的方块",
        "minecraft:fireball": "火球",
        "minecraft:fireworks_rocket": "焰火火箭",
        "minecraft:fish.clownfish": "海葵鱼",
        "minecraft:fishing_hook": "鱼钩",
        "minecraft:fox": "狐狸",
        "minecraft:frog": "青蛙",
        "minecraft:furnace_minecart": "动力矿车",
        "minecraft:ghast": "恶魂",
        "minecraft:glow_squid": "发光鱿鱼",
        "minecraft:goat": "山羊",
        "minecraft:guardian": "守卫者",
        "minecraft:hoglin": "疣猪兽",
        "minecraft:hopper_minecart": "漏斗矿车",
        "minecraft:horse": "马",
        "minecraft:husk": "尸壳",
        "minecraft:iron_golem": "铁傀儡",
        "minecraft:ice_bomb": "冰弹",
        "minecraft:item": "物品",
        "minecraft:leash_knot": "拴绳结",
        "minecraft:lightning_bolt": "闪电",
        "minecraft:lingering_potion": "滞留药水",
        "minecraft:llama": "羊驼",
        "minecraft:llama_spit": "羊驼口水",
        "minecraft:magma_cube": "岩浆怪",
        "minecraft:minecart": "矿车",
        "minecraft:mooshroom": "哞菇",
        "minecraft:moving_block": "移动中的方块",
        "minecraft:mule": "骡",
        "minecraft:ocelot": "豹猫",
        "minecraft:painting": "画",
        "minecraft:panda": "熊猫",
        "minecraft:parrot": "鹦鹉",
        "minecraft:phantom": "幻翼",
        "minecraft:pig": "猪",
        "minecraft:piglin": "猪灵",
        "minecraft:piglin_brute": "猪灵蛮兵",
        "minecraft:pillager": "掠夺者",
        "minecraft:polar_bear": "北极熊",
        "minecraft:pufferfish": "河豚",
        "minecraft:rabbit": "兔子",
        "minecraft:ravager": "劫掠兽",
        "minecraft:salmon": "鲑鱼",
        "minecraft:sheep": "羊",
        "minecraft:shulker": "潜影贝",
        "minecraft:shulker_bullet": "潜影贝子弹",
        "minecraft:silverfish": "蠹虫",
        "minecraft:skeleton": "骷髅",
        "minecraft:skeleton_horse": "骷髅马",
        "minecraft:slime": "史莱姆",
        "minecraft:small_fireball": "小火球",
        "minecraft:sniffer": "嗅探器",
        "minecraft:snow_golem": "雪傀儡",
        "minecraft:snowball": "雪球",
        "minecraft:spider": "蜘蛛",
        "minecraft:splash_potion": "药水",
        "minecraft:squid": "鱿鱼",
        "minecraft:stray": "流浪者",
        "minecraft:strider": "炽足兽",
        "minecraft:tadpole": "蝌蚪",
        "minecraft:thrown_trident": "三叉戟",
        "minecraft:tnt": "TNT 方块",
        "minecraft:tnt_minecart": "TNT 矿车",
        "minecraft:trader_llama": "行商羊驼",
        "minecraft:tripod_camera": "三脚架摄像机",
        "minecraft:tropicalfish": "热带鱼",
        "minecraft:turtle": "海龟",
        "minecraft:unknown": "未知",
        "minecraft:vex": "恼鬼",
        "minecraft:villager": "村民",
        "minecraft:villager_v2": "村民",
        "minecraft:vindicator": "卫道士",
        "minecraft:wandering_trader": "流浪商人",
        "minecraft:warden": "监守者",
        "minecraft:witch": "女巫",
        "minecraft:wither": "凋灵",
        "minecraft:wither_skeleton": "凋灵骷髅",
        "minecraft:wither_skull": "凋灵头颅",
        "minecraft:wither_skull_dangerous": "凋灵头颅",
        "minecraft:wolf": "狼",
        "minecraft:xp_bottle": "附魔之瓶",
        "minecraft:xp_orb": "经验球",
        "minecraft:zoglin": "僵尸疣猪兽",
        "minecraft:zombie": "僵尸",
        "minecraft:zombie_horse": "僵尸马",
        "minecraft:zombie_pigman": "僵尸猪灵",
        "minecraft:zombie_villager": "僵尸村民",
        "minecraft:zombie_villager_v2": "怪人村民"
    },
    "en_US": {
        "minecraft:allay": "Allay",
        "minecraft:area_effect_cloud": "Area Effect Cloud",
        "minecraft:armor_stand": "Armor Stand",
        "minecraft:arrow": "Arrow",
        "minecraft:axolotl": "Axolotl",
        "minecraft:balloon": "Balloon",
        "minecraft:bat": "Bat",
        "minecraft:bee": "Bee",
        "minecraft:blaze": "Blaze",
        "minecraft:boat": "Boat",
        "minecraft:camel": "Camel",
        "minecraft:cat": "Cat",
        "minecraft:cave_spider": "Cave Spider",
        "minecraft:chest_boat": "Boat with Chest",
        "minecraft:chest_minecart": "Minecart with Chest",
        "minecraft:chicken": "Chicken",
        "minecraft:cod": "Cod",
        "minecraft:command_block_minecart": "Minecart with Command Block",
        "minecraft:cow": "Cow",
        "minecraft:creeper": "Creeper",
        "minecraft:dolphin": "Dolphin",
        "minecraft:donkey": "Donkey",
        "minecraft:dragon_fireball": "Dragon Fireball",
        "minecraft:drowned": "Drowned",
        "minecraft:egg": "Egg",
        "minecraft:elder_guardian": "Elder Guardian",
        "minecraft:ender_crystal": "Ender Crystal",
        "minecraft:ender_dragon": "Ender Dragon",
        "minecraft:ender_pearl": "Ender Pearl",
        "minecraft:enderman": "Enderman",
        "minecraft:endermite": "Endermite",
        "minecraft:evocation_fang": "Evoker Fang",
        "minecraft:evocation_illager": "Evoker",
        "minecraft:eye_of_ender_signal": "Eye of Ender",
        "minecraft:falling_block": "Falling Block",
        "minecraft:fireball": "Fireball",
        "minecraft:fireworks_rocket": "Firework Rocket",
        "minecraft:fish.clownfish": "Clownfish",
        "minecraft:fishing_hook": "Fishing Hook",
        "minecraft:fox": "Fox",
        "minecraft:frog": "Frog",
        "minecraft:furnace_minecart": "Minecart with Furnace",
        "minecraft:ghast": "Ghast",
        "minecraft:glow_squid": "Glow Squid",
        "minecraft:goat": "Goat",
        "minecraft:guardian": "Guardian",
        "minecraft:hoglin": "Hoglin",
        "minecraft:hopper_minecart": "Minecart with Hopper",
        "minecraft:horse": "Horse",
        "minecraft:husk": "Husk",
        "minecraft:ice_bomb": "Ice Bomb",
        "minecraft:iron_golem": "Iron Golem",
        "minecraft:item": "Item",
        "minecraft:leash_knot": "Leash Knot",
        "minecraft:lightning_bolt": "Lightning Bolt",
        "minecraft:lingering_potion": "Lingering Potion",
        "minecraft:llama": "Llama",
        "minecraft:llama_spit": "Llama Spit",
        "minecraft:magma_cube": "Magma Cube",
        "minecraft:minecart": "Minecart",
        "minecraft:mooshroom": "Mooshroom",
        "minecraft:moving_block": "Moving Block",
        "minecraft:mule": "Mule",
        "minecraft:ocelot": "Ocelot",
        "minecraft:painting": "Painting",
        "minecraft:panda": "Panda",
        "minecraft:parrot": "Parrot",
        "minecraft:phantom": "Phantom",
        "minecraft:pig": "Pig",
        "minecraft:piglin": "Piglin",
        "minecraft:piglin_brute": "Piglin Brute",
        "minecraft:pillager": "Pillager",
        "minecraft:polar_bear": "Polar Bear",
        "minecraft:pufferfish": "Pufferfish",
        "minecraft:rabbit": "Rabbit",
        "minecraft:ravager": "Ravager",
        "minecraft:salmon": "Salmon",
        "minecraft:sheep": "Sheep",
        "minecraft:shulker": "Shulker",
        "minecraft:shulker_bullet": "Shulker Bullet",
        "minecraft:silverfish": "Silverfish",
        "minecraft:skeleton": "Skeleton",
        "minecraft:skeleton_horse": "Skeleton Horse",
        "minecraft:slime": "Slime",
        "minecraft:small_fireball": "Small Fireball",
        "minecraft:sniffer": "Sniffer",
        "minecraft:snow_golem": "Snow Golem",
        "minecraft:snowball": "Snowball",
        "minecraft:spider": "Spider",
        "minecraft:splash_potion": "Potion",
        "minecraft:squid": "Squid",
        "minecraft:stray": "Stray",
        "minecraft:strider": "Strider",
        "minecraft:tadpole": "Tadpole",
        "minecraft:thrown_trident": "Trident",
        "minecraft:tnt": "Block of TNT",
        "minecraft:tnt_minecart": "Minecart with TNT",
        "minecraft:trader_llama": "Trader Llama",
        "minecraft:tripod_camera": "Tripod Camera",
        "minecraft:tropicalfish": "Tropical Fish",
        "minecraft:turtle": "Turtle",
        "minecraft:unknown": "Unknown",
        "minecraft:vex": "Vex",
        "minecraft:villager": "Villager",
        "minecraft:villager_v2": "Villager",
        "minecraft:vindicator": "Vindicator",
        "minecraft:wandering_trader": "Wandering Trader",
        "minecraft:warden": "Warden",
        "minecraft:witch": "Witch",
        "minecraft:wither": "Wither",
        "minecraft:wither_skeleton": "Wither Skeleton",
        "minecraft:wither_skull": "Wither Skull",
        "minecraft:wither_skull_dangerous": "Wither Skull",
        "minecraft:wolf": "Wolf",
        "minecraft:xp_bottle": "Bottle o' Enchanting",
        "minecraft:xp_orb": "Experience Orb",
        "minecraft:zoglin": "Zoglin",
        "minecraft:zombie": "Zombie",
        "minecraft:zombie_horse": "Zombie Horse",
        "minecraft:zombie_pigman": "Zombified Piglin",
        "minecraft:zombie_villager": "Zombie Villager",
        "minecraft:zombie_villager_v2": "Zombie Villager"
    }
}